ID,IDGroup,title,masInfo,codigo,material,sitio,comuna,provincia,imagenes,video,video3d
132,13200,Puco,,132,Arcilla,El Olivar (Compañía Baja),"La Serena, Provincia de Elqui",,"IMG_6761.JPG, IMG_6763.JPG, IMG_6764.JPG, IMG_6765.JPG",,
136,13600,Puco,,136,Arcilla,El Olivar (Compañía Baja),"La Serena, Provincia de Elqui",,"IMG_6767.JPG, IMG_6768.JPG, IMG_6769.JPG",,
219,21900,Figurilla,,219,Piedra,Sitio desconocido,Desconocida,,COMODIN.jpg,,
223,22300,Vasija,,223,Arcilla ,El Molle,"Vicuña, Provincia de Elqui",,"IMG_6247.JPG, IMG_6248.JPG, IMG_6249.JPG, IMG_6253.JPG",,
579,57900,Escudilla,,579,Arcilla,Titon,"Monte Patria, Provincia de Limarí",,"IMG_6761.JPG, IMG_6763.JPG, IMG_6764.JPG, IMG_6765.JPG",,
595,59500,Jarro,,595,Arcilla,Falda Mala,"Río Hurtado, Provincia de Limarí",,"IMG_6732.JPG, IMG_6733.JPG, IMG_6734.JPG, IMG_6736.JPG",,
596,59600,Puco,,596,Arcilla,Hacienda El Bosque,"Río Hurtado, Provincia de Limarí",,"IMG_6557.JPG, IMG_6558.JPG, IMG_6559.JPG, IMG_6560.JPG",,
597,59700,Escudilla,,597,Arcilla,Falda Mala,"Río Hurtado, Provincia de Limarí",,"IMG_6718.JPG, IMG_6719.JPG, IMG_6720.JPG, IMG_6721.JPG",,
611,61100,Tembetá ,,611,Combarbalita ,Las Breas,"Río Hurtado, Provincia de Limarí",,COMODIN.jpg,,
698,69800,Pipa,,698,Piedra,La Serena,"La Serena, Provincia de Elqui",,"IMG_6501.JPG, IMG_6502.JPG",,
811,81100,Puco,,81-1,Arcilla,Quebrada Las Ánimas,"La Serena, Provincia de Elqui",,"IMG_6624.JPG, IMG_6626.JPG, IMG_6627.JPG, IMG_6628.JPG",,
813,81300,Escudilla,,81-3,Arcilla,Quebrada Las Ánimas,"La Serena, Provincia de Elqui",,"IMG_6613.JPG, IMG_6614.JPG, IMG_6615.JPG, IMG_6616.JPG",,
814,81400,Puco,,81-4,Arcilla,Quebrada Las Animas,"Alto del Carmen, Provincia de Huasco",,"IMG_6714.JPG, IMG_6715.JPG, IMG_6716.JPG, IMG_6717.JPG",,
815,81500,Puco,,81-5,Arcilla,Quebrada Las Ánimas,"La Serena, Provincia de Elqui",,"IMG_6589.JPG, IMG_6590.JPG, IMG_6591.JPG, IMG_6594.JPG",,
831,83100,Pectoral,,83-1,Cobre,Quebrada de Ipipe,"Alto del Carmen, Provincia de Huasco",,COMODIN.jpg,,
832,83200,Tembetá,,83-2,Piedra,Quebrada de Ipipe,"Vallenar, Provincia de Huasco",,"IMG_6089.JPG, IMG_6090.JPG, IMG_6091.JPG",,033_L_MK1.mp4
836,83600,Colgante,,83-6,Cobre,Quebrada de Ipipe,"Freirina, Provincia de Huasco",,COMODIN.jpg,,
837,83700,Pipa,,83-7,Piedra,Quebrada de Ipipe,"Vallenar, Provincia de Huasco",,"IMG_5881.JPG, IMG_5882.JPG",,
839,83900,Perforador,,83-9,Sílice,Quebrada Ipipe,"Vallenar, Provincia de Huasco",,"IMG_6166.JPG, IMG_6167.JPG",,
854,85400,Pipa,,854,Piedra,"Los Infieles, Cruz Grande","La Higuera, Provincia de Elqui",,"IMG_5900.JPG, IMG_5901.JPG",,
856,85600,Collar,,856,Concha,"Los Infieles, Norte de Cruz Grande","La Higuera, Provincia de Elqui",,"IMG_7007.JPG, IMG_7008.JPG, IMG_7009.JPG, IMG_7010.JPG",,
857,85700,Pulsera,,857,Cobre,"Los Infieles, Cruz Grande","La Higuera, Provincia de Elqui",,COMODIN.jpg,,
857,85700,Pulsera,,857,Cobre,Los Infieles. Cruz Grande,"La Higuera, Provincia de Elqui",,COMODIN.jpg,,
858,85800,Pulsera,,858,Cobre,"Los Infieles, Cruz Grande","La Higuera, Provincia de Elqui",,COMODIN.jpg,,
864,86400,Tembetá,,864,Combarbalita,Los Infieles,"Vallenar, Provincia de Huasco",,"IMG_6472.JPG, IMG_6474.JPG, IMG_6475.JPG",,
866,86600,Vasija,,866,Arcilla,Huanta,"Vicuña, Provincia de Elqui",,"IMG_6254.JPG, IMG_6255.JPG, IMG_6256.JPG, IMG_6260.JPG",,
903,90300,Vasija,,903,Arcilla,Hacienda San Carlos,"Vicuña, Provincia de Elqui",,"IMG_6597.JPG, IMG_6598.JPG, IMG_6599.JPG, IMG_6600.JPG",,
971,97100,Escudilla,,971,Arcilla,San Carlos,"Vicuña, Provincia de Elqui",,"IMG_6745.JPG, IMG_6747.JPG, IMG_6748.JPG, IMG_6749.JPG",,
1184,118400,Olla,,A-1-84,Arcilla,Cuz Cuz,"Illapel, Provincia de Choapa",,"IMG_6277.JPG, IMG_6278.JPG, IMG_6279.JPG, IMG_6280.JPG",,
1228,122800,Puco,,1228,Arcilla,Marquesa,"Vicuña, Provincia de Elqui",,"IMG_6723.JPG, IMG_6724.JPG, IMG_6725.JPG, IMG_6726.JPG",,
1258,125800,Tembetá,,1258,Piedra,Marquesa,"Vicuña, Provincia de Elqui",,"IMG_6466.JPG, IMG_6467.JPG, IMG_6468.JPG",,
1259,125900,Tembetá,,1259,Combarbalita,Marquesa,"Vicuña, Provincia de Elqui",,"IMG_6969.JPG, IMG_6970.JPG, IMG_6971.JPG, IMG_6972.JPG",,
1263,126300,Cuenco ,,1263,Arcilla ,Marquesa,"Vicuña, Provincia de Elqui",,"IMG_6685.JPG, IMG_6686.JPG, IMG_6687.JPG, IMG_6688.JPG",,
1265,126500,Puco,,1265,Arcilla,Marquesa,"Vicuña, Provincia de Elqui",,"IMG_6678.JPG, IMG_6679.JPG, IMG_6680.JPG, IMG_6683.JPG",,
1361,136100,Puco,,136,Arcilla,El Olivar (Compañía Baja),"La Serena, Provincia de Elqui",,"IMG_6767.JPG, IMG_6768.JPG, IMG_6769.JPG",,
1463,146300,,,1463,,,,,"IMG_6287.JPG, IMG_6288.JPG, IMG_6289.JPG, IMG_6290.JPG",,
1609,160900,Pipa,,1609,Andesita,Sitio desconocido,Desconocida,,COMODIN.jpg,,
1677,167700,Jarro,,1677,Arcilla,Sitio desconocido,Desconocida,,"IMG_6741.JPG, IMG_6742.JPG, IMG_6743.JPG, IMG_6744.JPG",,
1843,184300,Cuenco,,1843,Arcilla,Sitio desconocido,Desconocida,,"IMG_6781.JPG, IMG_6782.JPG, IMG_6783.JPG",,
1846,184600,Puco,,1846,Arcilla,Plaza de Armas La Serena,"La Serena, Provincia de Elqui",,"IMG_6695.JPG, IMG_6696.JPG, IMG_6697.JPG, IMG_6699.JPG",,
1847,184700,Cuenco,,1847,Arcilla,Sitio desconocido,Desconocida,,"IMG_6603.JPG, IMG_6604.JPG, IMG_6605.JPG, IMG_6606.JPG",,
1851,185100,Puco,,1851,Arcilla,Sitio desconocido,Desconocida,,"IMG_6775.JPG, IMG_6776.JPG, IMG_6777.JPG, IMG_6779.JPG",,051_L_MK1.mp4
1852,185200,Puco,,1852,Arcilla,Sitio desconocido,Desconocida,,"IMG_6752.JPG, IMG_6753.JPG, IMG_6754.JPG, IMG_6756.JPG",,
1853,185300,Escudilla,,1853,Arcilla,Sitio desconocido,Desconocida,,"IMG_6784.JPG, IMG_6785.JPG, IMG_6786.JPG, IMG_6787.JPG",,
1963,196300,Olla,,1963,Arcilla,Sitio desconocido,Desconocida,,COMODIN.jpg,,
1976,197600,Plato,,1976,Arcilla,Sitio desconocido,Desconocida,,"IMG_6366.JPG, IMG_6367.JPG, IMG_6368.JPG",,
1985,198500,Puco,,1985,Arcilla,El Olivar (Compañía Baja),"La Serena, Provincia de Elqui",,"IMG_6757.JPG, IMG_6758.JPG, IMG_6759.JPG, IMG_6760.JPG",,
1990,199000,Plato,,1990,Arcilla,Sitio desconocido,Desconocida,,COMODIN.jpg,,
2060,206000,Tembetá,,2060,Piedra,"Agua de La Negra, Cachiyuyo","Vallenar, Provincia de Huasco",,"IMG_6926.JPG, IMG_6927.JPG, IMG_6928.JPG, IMG_6929.JPG",,
2061,206100,Tembetá,,2061,Piedra,"Agua de La Negra, Cachiyuyo","Vallenar, Provincia de Huasco",,"IMG_6922.JPG, IMG_6923.JPG, IMG_6924.JPG, IMG_6925.JPG",,
2062,206200,Tembetá,,2062,Indeterminada,Agua de La Negra-Cachiyuyo,"Vallenar, Provincia de Huasco",,"IMG_6113.JPG, IMG_6114.JPG, IMG_6115.JPG, IMG_6116.JPG",,
2124,212400,Pipa,,2124,Combarbalita,Sitio desconocido,Desconocida,,"IMG_5888.JPG, IMG_5889.JPG",,
2231,223100,Vasija,,223,Arcilla ,El Molle,"Vicuña, Provincia de Elqui",,"IMG_6247.JPG, IMG_6248.JPG, IMG_6249.JPG, IMG_6253.JPG",,
2331,233100,Cántaro,,2331,Arcilla,Dunas de Guayacán,"Coquimbo, Provincia de Elqui",,"IMG_6352.JPG, IMG_6353.JPG, IMG_6354.JPG, IMG_6355.JPG",,
3088,308800,Olla,,3088,Arcilla,Las Breas,"Río Hurtado, Provincia de Limarí",,"IMG_5858.JPG, IMG_5859.JPG, IMG_5860.JPG, IMG_5862.JPG",,
3090,309000,Tembetá,,3090,Combarbalita,La Turquía,"Río Hurtado, Provincia de Limarí",,"IMG_6124.JPG, IMG_6125.JPG, IMG_6126.JPG",,
3099,309900,Colgante,,3099,Cobre,Hurtado,"Río Hurtado, Provincia de Limarí",,COMODIN.jpg,,
4000,400000,Adorno,,4000,Cobre,La Turquía,"Río Hurtado, Provincia de Limarí",,"IMG_6651.JPG, IMG_6654.JPG",,
4101,410100,Tembetá,,4101,Combarbalita,Morrillos,"Río Hurtado, Provincia de Limarí",,"IMG_6479.JPG, IMG_6480.JPG, IMG_6481.JPG",,
4102,410200,Tembetá ,,4102,Combarbalita ,Las Breas,"Río Hurtado, Provincia de Limarí",,"IMG_6934.JPG, IMG_6935.JPG, IMG_6936.JPG",,
4172,417200,Adorno,,4172,Oro,Hurtado,"Río Hurtado, Provincia de Limarí",,COMODIN.jpg,,045_L_MK1.mp4
4173,417300,Brazalete,,4173,Cobre,Hurtado,"Hurtado, Provincia de Limarí",,COMODIN.jpg,,046_L_MK1.mp4
4174,417400,Jarro,,4174,Arcilla,La Turquía C,"Río Hurtado, Provincia de Limarí",,"IMG_5821.JPG, IMG_5822.JPG, IMG_5823.JPG, IMG_5824.JPG",,
4175,417500,Vaso,,4175,Arcilla,La Turquía C,"Río Hurtado, Provincia de Limarí",,"IMG_5831.JPG, IMG_5832.JPG, IMG_5833.JPG, IMG_5834.JPG",,
4176,417600,Vaso,,4176,Arcilla ,La Turquía C,"Río Hurtado, Provincia de Limarí",,"IMG_5837.JPG, IMG_5838.JPG, IMG_5839.JPG, IMG_5841.JPG",,
4240,424000,Adorno,,4240,Oro,La Turquía,"Río Hurtado, Provincia de Limarí",,COMODIN.jpg,,102_L_MK1.mp4
4241,424100,Adorno,,4241,Oro,La Turquía B,"Río Hurtado, Provincia de Limarí",,COMODIN.jpg,,
4242,424200,Disco,,4242,Plata,La Turquía B,"Río Hurtado, Provincia de Limarí",,"IMG_6631.JPG, IMG_6632.JPG",,044_L_MK1.mp4
4243,424300,Tembetá,,4243,Combarbalita,La Turquía-B,"Río Hurtado, Provincia de Limarí",,"IMG_6961.JPG, IMG_6962.JPG, IMG_6963.JPG, IMG_6964.JPG",,
4244,424400,Tembetá,,4244,Combarbalita,La Turquía-B,"Río Hurtado, Provincia de Limarí",,"IMG_6142.JPG, IMG_6143.JPG, IMG_6144.JPG, IMG_6145.JPG",,
4248,424800,Tembetá,,4248,Combarbalita,La Turquía B,"Río Hurtado, Provincia de Limarí",,"IMG_6416.JPG, IMG_6417.JPG, IMG_6418.JPG",,
4251,425100,Tembetá,,4251,Combarbalita,La Turquía-B,"Río Hurtado, Provincia de Limarí",,"IMG_6905.JPG, IMG_6906.JPG, IMG_6907.JPG",,
4252,425200,Tembetá,,4252,Combarbalita,La Turquía B,"Río Hurtado, Provincia de Limarí",,"IMG_6097.JPG, IMG_6098.JPG, IMG_6099.JPG",,
4253,425300,Pulsera,,4253,Cobre,Sitio desconocido,Desconocida,,COMODIN.jpg,,
4254,425400,Disco,,4254,Cobre,La Turquía B,"Río Hurtado, Provincia de Limarí",,"IMG_6663.JPG, IMG_6664.JPG",,
4255,425500,Pinza,,4255,Cobre,La Turquía B,"Río Hurtado, Provincia de Limarí",,"IMG_6644.JPG, IMG_6645.JPG, IMG_6646.JPG, IMG_6649.JPG",,
4256,425600,Vasija,,4256,Arcilla,La Turquía B,"Río Hurtado, Provincia de Limarí",,"IMG_6205.JPG, IMG_6207.JPG, IMG_6208.JPG, IMG_6209.JPG",,
4260,426000,Vaso,,4260,Arcilla ,La Turquía B,"Río Hurtado, Provincia de Limarí",,"IMG_5618.JPG, IMG_5619.JPG, IMG_5620.JPG, IMG_5621.JPG",,
4261,426100,Vaso,,4261,Arcilla,La Turquía B,"Río Hurtado, Provincia de Limarí",,"IMG_5627.JPG, IMG_5628.JPG, IMG_5629.JPG, IMG_5630.JPG",,
4266,426600,Ceramio ,,4266,Arcilla,La Turquía B,"Río Hurtado, Provincia de Limarí",,"IMG_5933.JPG, IMG_5934.JPG, IMG_5935.JPG, IMG_5936.JPG",,
4267,426700,Vasija,,4267,Arcilla,La Turquía B,"Río Hurtado, Provincia de Limarí",,"IMG_6061.JPG, IMG_6062.JPG, IMG_6063.JPG, IMG_6064.JPG",,
4269,426900,Vasija,,4269,Arcilla,La Turquía B,"Río Hurtado, Provincia de Limarí",,"IMG_6345.JPG, IMG_6346.JPG, IMG_6347.JPG, IMG_6348.JPG",,
4270,427000,Jarro,,4270,Arcilla,La Turquía B,"Río Hurtado, Provincia de Limarí",,"IMG_6332.JPG, IMG_6333.JPG, IMG_6334.JPG, IMG_6336.JPG",,042_L_MK1.mp4
4271,427100,Ceramio,,4271,Arcilla,La Turquía B,"Río Hurtado, Provincia de Limarí",,"IMG_6197.JPG, IMG_6199.JPG, IMG_6200.JPG, IMG_6201.JPG",,
4273,427300,Vasija,,4273,Arcilla,La Turquìa D,"Río Hurtado, Provincia de Limarí",,"IMG_5768.JPG, IMG_5769.JPG, IMG_5770.JPG, IMG_5771.JPG",,
4274,427400,Vasija,,4274,Arcilla,La Turquía B,"Río Hurtado, Provincia de Limarí",,"IMG_5612.JPG, IMG_5613.JPG, IMG_5614.JPG, IMG_5615.JPG",,
4275,427500,Jarro,,4275,Arcilla,La Turquía B,"Río Hurtado, Provincia de Limarí",,"IMG_6359.JPG, IMG_6360.JPG, IMG_6361.JPG, IMG_6364.JPG",,
4276,427600,Vasija,,4276,Arcilla,La Turquía B,"Río Hurtado, Provincia de Limarí",,"IMG_5590.JPG, IMG_5591.JPG, IMG_5592.JPG, IMG_5594.JPG",,
4277,427700,Vaso,,4277,Arcilla,La Turquía B,"Río Hurtado, Provincia de Limarí",,"IMG_5596.JPG, IMG_5597.JPG, IMG_5598.JPG, IMG_5599.JPG",,040_L_MK1.mp4
4278,427800,Vaso,,4278,Arcilla,La Turquía B,"Río Hurtado, Provincia de Limarí",,"IMG_5826.JPG, IMG_5827.JPG, IMG_5828.JPG, IMG_5829.JPG",,
4279,427900,Vasija,,4279,Arcilla,La Turquía B,"Río Hurtado, Provincia de Limarí",,"IMG_6055.JPG, IMG_6056.JPG, IMG_6057.JPG, IMG_6059.JPG",,
4280,428000,Vaso,,4280,Arcilla,La Turquía B,"Río Hurtado, Provincia de Limarí",,"IMG_6024.JPG, IMG_6025.JPG, IMG_6026.JPG, IMG_6027.JPG",,
4281,428100,Jarro,,4281,Arcilla,La Turquía B,"Río Hurtado, Provincia de Limarí",,"IMG_5844.JPG, IMG_5845.JPG, IMG_5846.JPG, IMG_5847.JPG",,
4282,428200,Vaso,,4282,Arcilla,La Turquía B,"Río Hurtado, Provincia de Limarí",,"IMG_5581.JPG, IMG_5582.JPG, IMG_5583.JPG",,
4283,428300,Jarro,,4283,Arcilla,La Turquía B,"Río Hurtado, Provincia de Limarí",,"IMG_5623.JPG, IMG_5624.JPG, IMG_5625.JPG",,041_L_MK1.mp4
4284,428400,Jarro,,4284,Arcilla,La Turquía B,"Río Hurtado, Provincia de Limarí",,"IMG_5798.JPG, IMG_5799.JPG, IMG_5800.JPG, IMG_5802.JPG",,
4285,428500,Vaso,,4285,Arcilla,La Turquía B,"Río Hurtado, Provincia de Limarí",,"IMG_5953.JPG, IMG_5954.JPG, IMG_5955.JPG, IMG_5957.JPG",,
4286,428600,Cántaro,,4286,Arcilla,La Turquía,"Río Hurtado, Provincia de Limarí",,"IMG_6072.JPG, IMG_6074.JPG, IMG_6075.JPG, IMG_6076.JPG",,
4287,428700,Vaso,,4287,Arcilla,La Turquía B,"Río Hurtado, Provincia de Limarí",,"IMG_5809.JPG, IMG_5810.JPG, IMG_5811.JPG, IMG_5812.JPG",,
4288,428800,Vaso,,4288,Arcilla,La Turquía B,"Río Hurtado, Provincia de Limarí",,"IMG_5632.JPG, IMG_5633.JPG, IMG_5634.JPG",,
4289,428900,Vasija,,4289,Arcilla,La Turquía B,"Río Hurtado, Provincia de Limarí",,"IMG_5792.JPG, IMG_5794.JPG, IMG_5795.JPG, IMG_5796.JPG",,
4291,429100,Vaso,,4291,Arcilla,La Turquía B,"Río Hurtado, Provincia de Limarí",,"IMG_5773.JPG, IMG_5774.JPG, IMG_5775.JPG, IMG_5776.JPG",,
42951,4295100,Tembetá,,4295,Combarbalita,Guanaqueros,"Coquimbo, Provincia de Elqui",,"IMG_6952.JPG, IMG_6954.JPG, IMG_6955.JPG, IMG_6956.JPG",,
4299,429900,,,4299,,,,,COMODIN.jpg,,
4576,457600,Adorno,,4576,Oro,Hurtado,"Río Hurtado, Provincia de Limarí",,COMODIN.jpg,,
4577,457700,Vaso,,4577,Arcilla,Hurtado,"Río Hurtado, Provincia de Limarí",,"IMG_6306.JPG, IMG_6308.JPG, IMG_6309.JPG, IMG_6310.JPG",,039_L_MK1.mp4
4578,457800,Vasija,,4578,Arcilla,La Turquía B,"Río Hurtado, Provincia de Limarí",,"IMG_6237.JPG, IMG_6238.JPG, IMG_6239.JPG, IMG_6240.JPG",,
4854,485400,,,4854,,,,,COMODIN.jpg,,
4893,489300,Pesa de red,,4893,Andesita,Punta Teatinos,"La Serena, Provincia de Elqui",,"IMG_6518.JPG, IMG_6519.JPG",,
4901,490100,Anzuelo,,4901,Cobre,Punta de Teatinos,"La Serena, Provincia de Elqui",,COMODIN.jpg,,
4904,490400,Pinza,,4904,Cobre,Quebrada El Durazno,"Vallenar, Provincia de Huasco",,"IMG_6656.JPG, IMG_6657.JPG, IMG_6661.JPG",,
4906,490600,Pipa,,4906,Combarbalita,El Durazno-La Higuera,"La Higuera, Provincia de Elqui",,"IMG_5910.JPG, IMG_5911.JPG, IMG_5913.JPG",,
5055,505500,Tembetá,,5055,Piedra,"Potrero Higueral, Conay","Alto del Carmen, Provincia de Huasco",,"IMG_6422.JPG, IMG_6423.JPG, IMG_6425.JPG",,
5056,505600,Tembetá,,5056,Piedra,Potrero Higueral-Conay,"Alto del Carmen, Provincia de Huasco",,"IMG_6459.JPG, IMG_6460.JPG, IMG_6461.JPG, IMG_6462.JPG",,
5057,505700,Tembetá,,5057,Piedra,Potrero Higueral.Conay,"Vallenar, Provincia de Huasco",,"IMG_6101.JPG, IMG_6102.JPG, IMG_6103.JPG, IMG_6105.JPG",,
5060,506000,Punta de proyectil,,5060,Sílice,Quebrada El Durazno,"La Higuera, Provincia de Elqui",,IMG_6183.JPG: IMG_6184.JPG,,
5064,506400,Escudilla,,5064,Arcilla,Quebrada El Durazno,"Vallenar, Provincia de Huasco",,"IMG_5875.JPG, IMG_5876.JPG, IMG_5877.JPG",,
5116,511600,Plato,,5116,Arcilla,Fundo Máximo Zárate,"Paihuano, Provincia de Elqui",,"IMG_6327.JPG, IMG_6328.JPG, IMG_6329.JPG, IMG_6330.JPG",,
5117,511700,Plato,,5117,Arcilla,Fundo Máximo Zárate,"Paihuano, Provincia de Elqui",,"IMG_6370.JPG, IMG_6371.JPG, IMG_6372.JPG, IMG_6373.JPG",,
5121,512100,Vasija,,5121,Arcilla,Alcohuaz,"Paihuano, Provincia de Elqui",,"IMG_6191.JPG, IMG_6192.JPG, IMG_6193.JPG, IMG_6194.JPG",,
5281,528100,Lámina de cobre ornitomorfa,,5281,Cobre,Quebrada de Pinte,"Freirina, Provincia de Huasco",,COMODIN.jpg,,
5282,528200,Vaso,,5282,Arcilla,Quebrada de Pinte,"Freirina, Provincia de Huasco",,"IMG_6019.JPG, IMG_6020.JPG, IMG_6021.JPG, IMG_6022.JPG",,
5343,534300,Cincel,,5343,Cobre,Carrizalillo,"Freirina, Provincia de Huasco",,"IMG_6672.JPG, IMG_6673.JPG",,
5344,534400,Cincel,,5344,Cobre,Carrizalillo,"Freirina, Provincia de Huasco",,"IMG_6674.JPG, IMG_6675.JPG",,
5393,539300,Pipa,,5393,Piedra,Quebrada de Pinte,"Freirina, Provincia de Huasco",,"IMG_5905.JPG, IMG_5906.JPG, IMG_5908.JPG, IMG_5909.JPG",,037_L_MK1.mp4
5394,539400,Pipa,,5394,Piedra,Quebrada de Pinte,"Freirina, Provincia de Huasco",,"IMG_6499.JPG, IMG_6500.JPG",,
5395,539500,Pipa,,5395,Piedra,Quebrada de Pinte,"Freirina, Provincia de Huasco",,"IMG_5897.JPG, IMG_5898.JPG",,036_L_MK1.mp4
5396,539600,Tembetá,,5396,Combarbalita,Quebrada de Pinte,"Vallenar, Provincia de Huasco",,"IMG_6438.JPG, IMG_6439.JPG, IMG_6440.JPG",,
5407,540700,Collar,,5407,Concha,Quebrada Pinte,"Alto del Carmen, Provincia de Huasco",,COMODIN.jpg,,
5408,540800,Collar,,5408,Concha,Quebrada Pinte,"Alto del Carmen, Provincia de Huasco",,"IMG_7002.JPG, IMG_7003.JPG, IMG_7004.JPG",,
5413,541300,Aguja,,5413,Hueso,Quebrada Pinte,"Alto del Carmen, Provincia de Huasco",,"IMG_6316.JPG, IMG_6317.JPG, IMG_6318.JPG",,
5416,541600,Disco,,5416,Cobre,Quebrada de Pinte,"Freirina, Provincia de Huasco",,"IMG_6634.JPG, IMG_6635.JPG",,
5419,541900,Tembetá,,5419,Combarbalita,Arboleda Grande,"Salamanca, Provincia de Choapa",,"IMG_6106.JPG, IMG_6107.JPG",,
5658,565800,Cuenco,,5658,Arcilla,Caleta Arrayán,"La Serena, Provincia de Elqui",,"IMG_6705.JPG, IMG_6706.JPG, IMG_6707.JPG",,
5675,567500,Vasija,,5675,Arcilla,Quebrada Los Romeritos,"La Higuera, Provincia de Elqui",,"IMG_6078.JPG, IMG_6079.JPG, IMG_6080.JPG, IMG_6081.JPG",,
5676,567600,Jarro,,5676,Arcilla,Quebrada Los Romeritos,"La Higuera, Provincia de Elqui",,"IMG_5948.JPG, IMG_5949.JPG, IMG_5950.JPG, IMG_5951.JPG",,
5743,574300,Collar,,5743,Concha,Caleta Arrayán,"La Serena, Provincia de Elqui",,COMODIN.jpg,,
5744,574400,Vaso,,5744,Arcilla,Caleta Arrayán,"La Serena, Provincia de Elqui",,"IMG_6048.JPG, IMG_6049.JPG, IMG_6050.JPG, IMG_6051.JPG",,
5791,579100,Escudilla,,579,Arcilla,Titon,"Monte Patria, Provincia de Limarí",,"IMG_6761.JPG, IMG_6763.JPG, IMG_6764.JPG, IMG_6765.JPG",,
5961,596100,Puco,,596,Arcilla,Hacienda El Bosque,"Río Hurtado, Provincia de Limarí",,"IMG_6557.JPG, IMG_6558.JPG, IMG_6559.JPG, IMG_6560.JPG",,
5987,598700,Colgante,,5987,Combarbalita,Pama,"Combarbalá, Provincia de Limarí",,COMODIN.jpg,,
6026,602600,Tembetá,,6026,Combarbalita,Marquesano,"La Higuera, Provincia de Elqui",,"IMG_6429.JPG, IMG_6430.JPG",,
6471,647100,Puco,,6471,Arcilla,La Puerta,"Copiapó, Provincia de Copiapó",,"IMG_6537.JPG, IMG_6538.JPG, IMG_6539.JPG, IMG_6540.JPG",,
6540,654000,Tembetá,,6540,Combarbalita,Los Choros,"La Higuera, Provincia de Elqui",,"IMG_6435.JPG, IMG_6436.JPG",,
6769,676900,Vaso,,6769,Arcilla,Alcohuaz,"Paihuano, Provincia de Elqui",,"IMG_5926.JPG, IMG_5927.JPG, IMG_5928.JPG, IMG_5929.JPG",,
6839,683900,,,6839,,,,,"IMG_6979.JPG, IMG_6980.JPG",,
6850,685000,Vasija,,6850,Arcilla,Hacienda El Bosque,"Hurtado, Provincia de Limarí",,"IMG_5538.JPG, IMG_5539.JPG, IMG_5540.JPG",,
6910,691000,Tembetá,,6910,Combarbalita,Pama,"Combarbalá, Provincia de Limarí",,"IMG_6982.JPG, IMG_6983.JPG, IMG_6984.JPG, IMG_6985.JPG",,
6912,691200,Tembetá,,6912,Combarbalita,El Pingo,"Vicuña, Provincia de Elqui",,"IMG_6976.JPG, IMG_6977.JPG, IMG_6978.JPG",,
7258,725800,Tembetá,,7258,Combarbalita,Pama,"Combarbalá, Provincia de Limarí",,"IMG_6469.JPG, IMG_6470.JPG, IMG_6471.JPG",,
7384,738400,Puco ,,73-84,Arcilla ,Coquimbo centro ,"Coquimbo, Provincia de Elqui",,"IMG_6690.JPG, IMG_6691.JPG, IMG_6692.JPG, IMG_6693.JPG",,
7413,741300,Vasija,,7413,Arcilla,El Maitén,"La Higuera, Provincia de Elqui",,"IMG_5607.JPG, IMG_5608.JPG, IMG_5609.JPG, IMG_5610.JPG",,
7415,741500,Tembetá,,7415,Piedra,El Maitén. Oeste de Gualcuna,"La Higuera, Provincia de Elqui",,"IMG_6121.JPG, IMG_6122.JPG, IMG_6123.JPG",,
7417,741700,Tembetá,,7417,Combarbalita,Hualcuna,"La Higuera, Provincia de Elqui",,"IMG_6902.JPG, IMG_6903.JPG, IMG_6904.JPG",,
7418,741800,Tembetá,,7418,Combarbalita,Hualcuna,"La Higuera, Provincia de Elqui",,"IMG_6453.JPG, IMG_6454.JPG, IMG_6455.JPG",,
7419,741900,Instrumento,,7419,Hueso,El Maiten Gualcuna,"La Higuera, Provincia de Elqui",,"IMG_6313.JPG, IMG_6314.JPG, IMG_6315.JPG",,
7483,748300,Tembetá,,7483,Combarbalita,Hacienda La Cortadera,"Río Hurtado, Provincia de Limarí",,"IMG_6987.JPG, IMG_6988.JPG",,
7916,791600,Vasija,,7916,Arcilla,Hacienda El Bosque,"Río Hurtado, Provincia de Limarí",,"IMG_6375.JPG, IMG_6376.JPG, IMG_6377.JPG, IMG_6378.JPG",,
7918,791800,Olla,,7918,Arcilla,Hacienda El Bosque,"Río Hurtado, Provincia de Limarí",,"IMG_5971.JPG, IMG_5972.JPG, IMG_5973.JPG, IMG_5974.JPG",,
7919,791900,Cántaro,,7919,Arcilla,La Turquía,"Río Hurtado, Provincia de Limarí",,"IMG_5959.JPG, IMG_5960.JPG, IMG_5961.JPG, IMG_5962.JPG",,
7924,792400,Tazón,,7924,Arcilla,Quebrada Las Ánimas,"La Serena, Provincia de Elqui",,"IMG_6549.JPG, IMG_6550.JPG, IMG_6551.JPG, IMG_6552.JPG",,
8010,801000,,,8010,,,,,COMODIN.jpg,,
8085,808500,Pesa de red,,8085,Andesita,Punta Teatinos,"La Serena, Provincia de Elqui",,COMODIN.jpg,,
8086,808600,Pesa de red,,8086,Granito,Punta Teatinos,"La Serena, Provincia de Elqui",,COMODIN.jpg,,
8087,808700,Pesa de red,,8087,Granito,Punta Teatinos,"La Serena, Provincia de Elqui",,COMODIN.jpg,,056_L_MK1.mp4
8088,808800,Pesa de red,,8088,Basalto,Punta Teatinos,"La Serena, Provincia de Elqui",,COMODIN.jpg,,
8091,809100,Pesa de red,,8091,Andesita,Punta Teatinos,"La Serena, Provincia de Elqui",,"IMG_6527.JPG, IMG_6528.JPG",,
8092,809200,Tortera,,8092,Arcilla,Punta Teatinos,"La Serena, Provincia de Elqui",,COMODIN.jpg,,
8094,809400,Colgante,,8094,Combarbalita,Punta Teatinos,"La Serena, Provincia de Elqui",,COMODIN.jpg,,
8098,809800,Barba de arpón,,8098,Hueso,Punta Teatinos,"La Serena, Provincia de Elqui",,COMODIN.jpg,,
8099,809900,Barba de arpón,,8099,Hueso,Punta Teatinos,"La Serena, Provincia de Elqui",,COMODIN.jpg,,
8100,810000,Barba de arpón,,8100,Hueso,Punta Teatinos,"La Serena, Provincia de Elqui",,COMODIN.jpg,,
8101,810100,Barba de arpón,,8101,Hueso,Punta Teatinos,"La Serena, Provincia de Elqui",,COMODIN.jpg,,
8132,813200,Ceramio,,8132,,,,,COMODIN.jpg,,
8136,813600,Tembetá,,8136,Combarbalita,"Los Clonquis, Río Rapel","Monte Patria, Provincia de Limarí",,"IMG_6937.JPG, IMG_6938.JPG",,
8151,815100,Puco,,81-5,Arcilla,Quebrada Las Ánimas,"La Serena, Provincia de Elqui",,"IMG_6589.JPG, IMG_6590.JPG, IMG_6591.JPG, IMG_6594.JPG",,
8207,820700,Tembetá,,8207,Combarbalita,La Totora,"La Serena, Provincia de Elqui",,"IMG_6432.JPG, IMG_6433.JPG",,
8208,820800,Instrumento lítico,,8208,Andesita,La Totorita-El Toldo,"La Serena, Provincia de Elqui",,COMODIN.jpg,,
8209,820900,Mortero,,8209,Andesita,La Totorita-El Toldo,"La Serena, Provincia de Elqui",,COMODIN.jpg,,
8212,821200,Puco,,8212,Arcilla,Quebrada Las Ánimas,"La Serena, Provincia de Elqui",,"IMG_6709.JPG, IMG_6710.JPG, IMG_6711.JPG",,
8361,836100,Colgante,,83-6,Cobre,Quebrada de Ipipe,"Freirina, Provincia de Huasco",,COMODIN.jpg,,
8381,838100,Perforador,,83-8a,Basalto,Quebrada de Ipipe,"Vallenar, Provincia de Huasco",,"IMG_6155.JPG, IMG_6156.JPG, IMG_6157.JPG",,
8382,838200,Perforador,,83-8b,Basalto,Quebrada de Ipipe,"Vallenar, Provincia de Huasco",,"IMG_6158.JPG, IMG_6159.JPG",,
8383,838300,Perforador,,83-8c,Basalto,Quebrada de Ipipe,"Vallenar, Provincia de Huasco",,"IMG_6160.JPG, IMG_6161.JPG",,
8384,838400,Perforador,,83-8d,Basalto,Quebrada de Ipipe,"Vallenar, Provincia de Huasco",,"IMG_6162.JPG, IMG_6163.JPG",,
8385,838500,Perforador,,83-8e,Basalto,Quebrada de Ipipe,"Vallenar, Provincia de Huasco",,"IMG_6164.JPG, IMG_6165.JPG",,
8661,866100,Vasija,,866,Arcilla,Huanta,"Vicuña, Provincia de Elqui",,"IMG_6254.JPG, IMG_6255.JPG, IMG_6256.JPG, IMG_6260.JPG",,038_L_MK1.mp4
8729,872900,Pesa de red,,8729,Andesita,Punta Teatinos,"La Serena, Provincia de Elqui",,"IMG_6511.JPG, IMG_6512.JPG",,
8730,873000,Pesa de red,,8730,Andesita,Punta Teatinos,"La Serena, Provincia de Elqui",,"IMG_6516.JPG, IMG_6517.JPG",,
8731,873100,Pesa de red,,8731,Andesita,Punta Teatinos,"La Serena, Provincia de Elqui",,"IMG_6520.JPG, IMG_6521.JPG",,
8733,873300,Pesa de red,,8733,Andesita,Punta Teatinos,"La Serena, Provincia de Elqui",,"IMG_6525.JPG, IMG_6526.JPG",,
8745,874500,,,8745,,,,,COMODIN.jpg,,
8775,877500,Pipa,,8775,Andesita,Vega del Indio-Cordillera Ramadillas,"Combarbalá, Provincia de Limarí",,"IMG_6494.JPG, IMG_6495.JPG, IMG_6496.JPG",,
8934,893400,Pesa de red,,8934,Andesita,Punta Teatinos,"La Serena, Provincia de Elqui",,"IMG_6529.JPG, IMG_6530.JPG",,
8940,894000,Jarro,,8940,Arcilla,El Tapiado-Cogotí 18-Sitio B,"Combarbalá, Provincia de Limarí",,"IMG_6037.JPG, IMG_6038.JPG, IMG_6039.JPG, IMG_6040.JPG",,
8941,894100,Olla,,8941,Arcilla,Cogotí 18,"Combarbalá, Provincia de Limarí",,"IMG_5981.JPG, IMG_5982.JPG, IMG_5983.JPG, IMG_5984.JPG",,
8944,894400,Vasija,,8944,Arcilla,Cogotí 18-La Fundición,"Combarbalá, Provincia de Limarí",,"IMG_6387.JPG, IMG_6389.JPG, IMG_6390.JPG, IMG_6392.JPG",,
9031,903100,Vasija,,903,Arcilla,Hacienda San Carlos,"Vicuña, Provincia de Elqui",,"IMG_6597.JPG, IMG_6598.JPG, IMG_6599.JPG, IMG_6600.JPG",,
9068,906800,Punta de proyectil,,9068,Sílice,Chañares Oriente,"Vallenar, Provincia de Huasco",,"IMG_6179.JPG, IMG_6180.JPG",,
9166,916600,Cuenco,,9166,Arcilla,Punta de Piedra,"La Serena, Provincia de Elqui",,"IMG_6701.JPG, IMG_6702.JPG, IMG_6703.JPG",,048_L_MK1.mp4
9177,917700,Puco,,9177,Arcilla,Punta de Piedra,"La Serena, Provincia de Elqui",,"IMG_6727.JPG, IMG_6728.JPG, IMG_6729.JPG, IMG_6730.JPG",,
9222,922200,Puco,,9222,Arcilla,Punta de Piedra,"La Serena, Provincia de Elqui",,"IMG_6608.JPG, IMG_6609.JPG, IMG_6610.JPG, IMG_6611.JPG",,
9312,931200,Jarro,,9312,Arcilla,La Turquía D,"Río Hurtado, Provincia de Limarí",,"IMG_5562.JPG, IMG_5563.JPG, IMG_5564.JPG",,
9314,931400,Vasija,,9314,Arcilla,La Turquía D,"Río Hurtado, Provincia de Limarí",,"IMG_5999.JPG, IMG_6000.JPG, IMG_6001.JPG, IMG_6002.JPG",,
9315,931500,Vasija,,9315,Arcilla,La Turquía D,"Río Hurtado, Provincia de Limarí",,"IMG_6005.JPG, IMG_6006.JPG, IMG_6007.JPG, IMG_6008.JPG",,
9316,931600,Vasija,,9316,Arcilla,La Turquía D,"Río Hurtado, Provincia de Limarí",,"IMG_5549.JPG, IMG_5550.JPG, IMG_5551.JPG",,
9317,931700,Vasija,,9317,Arcilla,La Turquía D,"Río Hurtado, Provincia de Limarí",,"IMG_5543.JPG, IMG_5544.JPG, IMG_5545.JPG, IMG_5546.JPG",,
9318,931800,Vasija,,9318,Arcilla,La Turquía D,"Río Hurtado, Provincia de Limarí",,"IMG_6015.JPG, IMG_6016.JPG, IMG_6017.JPG, IMG_6018.JPG",,
9319,931900,Olla,,9319,Arcilla,La Turquía D,"Río Hurtado, Provincia de Limarí",,"IMG_5870.JPG, IMG_5871.JPG, IMG_5872.JPG, IMG_5873.JPG",,
9321,932100,Vasija,,9321,Arcilla,La Turquía D,"Río Hurtado, Provincia de Limarí",,COMODIN.jpg,,
9322,932200,Cántaro,,9322,Arcilla,La Turquía D,"Río Hurtado, Provincia de Limarí",,"IMG_5566.JPG, IMG_5567.JPG, IMG_5568.JPG, IMG_5569.JPG",,
9323,932300,Jarro,,9323,Arcilla,La Turquía D,"Río Hurtado, Provincia de Limarí",,"IMG_5994.JPG, IMG_5995.JPG, IMG_5996.JPG, IMG_5997.JPG",,
9324,932400,Jarro,,9324,Arcilla,La Turquía D,"Río Hurtado, Provincia de Limarí",,"IMG_6043.JPG, IMG_6044.JPG, IMG_6045.JPG, IMG_6046.JPG",,
9325,932500,Jarro,,9325,Arcilla,La Turquía D,"Río Hurtado, Provincia de Limarí",,"IMG_5762.JPG, IMG_5763.JPG, IMG_5764.JPG, IMG_5765.JPG",,043_L_MK1.mp4
9326,932600,Vaso,,9326,Arcilla,La Turquìa D,"Río Hurtado, Provincia de Limarí",,"IMG_5778.JPG, IMG_5779.JPG, IMG_5780.JPG, IMG_5781.JPG",,
9328,932800,Vasija,,9328,Arcilla,Farellón,"Río Hurtado, Provincia de Limarí",,"IMG_6338.JPG, IMG_6339.JPG, IMG_6340.JPG, IMG_6341.JPG",,
9329,932900,Jarro,,9329,Arcilla,Farellón,"Río Hurtado, Provincia de Limarí",,"IMG_6186.JPG, IMG_6188.JPG, IMG_6189.JPG, IMG_6190.JPG",,
9331,933100,Jarro,,9331,Arcilla,Farellón,"Río Hurtado, Provincia de Limarí",,"IMG_6225.JPG, IMG_6226.JPG, IMG_6227.JPG, IMG_6228.JPG",,
9332,933200,Vaso,,9332,Arcilla,Farellón,"Río Hurtado, Provincia de Limarí",,"IMG_6293.JP, IMG_6294.JPG, IMG_6295.JPG, IMG_6297.JPG",,
9335,933500,Tembetá,,9335,Combarbalita,Farellón,"Río Hurtado, Provincia de Limarí",,"IMG_6930.JPG, IMG_6931.JPG, IMG_6932.JPG, IMG_6933.JPG",,
9336,933600,Tembetá,,9336,Combarbalita,Farellón,"Río Hurtado, Provincia de Limarí",,"IMG_6482.JPG, IMG_6483.JPG, IMG_6484.JPG, IMG_6485.JPG",,
9337,933700,Tembetá,,9337,Combarbalita,Farellón,"Río Hurtado, Provincia de Limarí",,"IMG_6427.JPG, IMG_6428.JPG",,
9338,933800,Tembetá,,9338,Combarbalita,Farellón,"Río Hurtado, Provincia de Limarí",,"IMG_6974.JPG, IMG_6975.JPG",,
9339,933900,Tembetá,,9339,Combarbalita,Farellón,"Río Hurtado, Provincia de Limarí",,"IMG_6898.JPG, IMG_6899.JPG",,
9340,934000,Tembetá,,9340,Combarbalita,Farellón,"Río Hurtado, Provincia de Limarí",,"IMG_6110.JPG, IMG_6111.JPG, IMG_6112.JPG",,
9343,934300,Adorno,,9343,Oro,Farellón,"Río Hurtado, Provincia de Limarí",,COMODIN.jpg,,
9344,934400,Adorno,,9344,Cobre,La Turquía,"Río Hurtado, Provincia de Limarí",,"IMG_6665.JPG, IMG_6666.JPG",,
9349,934900,Anillo,,9349,Cobre,Farellón,"Río Hurtado, Provincia de Limarí",,"IMG_6638.JPG, IMG_6639.JPG",,
9350,935000,Pendiente,,9350,Cobre,Farellón,"Río Hurtado, Provincia de Limarí",,COMODIN.jpg,,
9357,935700,Pendiente,,9357,Cobre,Farellón,"Hurtado, Provincia de Limarí",,"IMG_6640.JPG, IMG_6641.JPG",,
9362,936200,Vasija,,9362,Arcilla,Farellón,"Río Hurtado, Provincia de Limarí",,"IMG_6242.JPG, IMG_6243.JPG, IMG_6244.JPG, IMG_6246.JPG",,
9363,936300,Tembetá,,9363,Combarbalita,La Turquía,"Río Hurtado, Provincia de Limarí",,"IMG_6945.JPG, IMG_6946.JPG",,
9364,936400,Colgante,,9364,Cobre,La Turquía,"Río Hurtado, Provincia de Limarí",,COMODIN.jpg,,
9365,936500,Adorno,,9365,Oro,La Turquía,"Río Hurtado, Provincia de Limarí",,COMODIN.jpg,,
9369,936900,Tembetá,,9369,Combarbalita,Farellón,"Río Hurtado, Provincia de Limarí",,"IMG_6989.JPG, IMG_6990.JPG",,
9370,937000,Tembetá,,9370,Combarbalita,Farellón,"Río Hurtado, Provincia de Limarí",,"IMG_6908.JPG, IMG_6909.JPG, IMG_6910.JPG, IMG_6911.JPG",,
9372,937200,Tembetá,,9372,Combarbalita,Farellón,"Río Hurtado, Provincia de Limarí",,"IMG_6443.JPG, IMG_6444.JPG",,
9376,937600,Pendiente,,9376,Cobre,Farellón,"Hurtado, Provincia de Limarí",,"IMG_6642.JPG, IMG_6643.JPG",,
9379,937900,Jarro,,9379,Arcilla,Farellón,"Río Hurtado, Provincia de Limarí",,"IMG_5601.JPG, IMG_5602.JPG, IMG_5604.JPG",,
9568,956800,Pipa,,9568,Basalto,Las Campanas,"Vallenar, Provincia de Huasco",,"IMG_5886.JPG, IMG_5887.JPG",,
9590,959000,Colgante,,9590,Cobre,Cachiyuyo,"Vallenar, Provincia de Huasco",,"IMG_6670.JPG, IMG_6671.JPG",,
9600,960000,Tembetá,,9600,Combarbalita,Rincón de los Flojos,"Freirina, Provincia de Huasco",,"IMG_6118.JPG, IMG_6119.JPG, IMG_6120.JPG",,
9604,960400,Collar,,9604,Concha,Rincon de los Flojos n° 4,"Freirina, Provincia de Huasco",,"IMG_7005.JPG, IMG_7006.JPG",,
9607,960700,Pipa ,,9607,Basalto ,"Los Clonquis, Rio Rapel","Monte Patria, Provincia de Limarí",,"IMG_5916.JPG, IMG_5917.JPG, IMG_5918.JPG",,
9661,966100,Punta de proyectil ,,9661,Sílice ,Los Chañares Poniente 2,"Vallenar, Provincia de Huasco",,COMODIN.jpg,,
9662,966200,Punta de proyectil,,9662,Sílice,Los Chañares Poniente 1,"Vallenar, Provincia de Huasco",,"IMG_6177.JPG, IMG_6178.JPG",,
9663,966300,Punta de proyectil,,9663,Sílice,Los Chañares Poniente 2,"Vallenar, Provincia de Huasco",,"IMG_6153.JPG, IMG_6154.JPG",,
9830,983000,Ceramio,,9830,Arcilla,La Turquía B,"Río Hurtado, Provincia de Limarí",,"IMG_5785.JPG, IMG_5786.JPG, IMG_5787.JPG, IMG_5788.JPG",,
10640,1064000,Preforma de punta de proyectil,,10640,Sílice,Los Chañares Poniente 2,"Vallenar, Provincia de Huasco",,"IMG_6170.JPG, IMG_6171.JPG",,
10641,1064100,Punta de proyectil ,,10641,Basalto ,Los Chañares Poniente 2,"Vallenar, Provincia de Huasco",,"IMG_6506.JPG, IMG_6507.JPG",,
10818,1081800,Tembetá,,10818,Combarbalita,La Turquía,"Río Hurtado, Provincia de Limarí",,"IMG_6441.JPG, IMG_6442.JPG",,
11071,1107100,Tortera,,11071,Combarbalita,La Escondida- Pama,"Combarbalá, Provincia de Limarí",,COMODIN.jpg,,
11189,1118900,Vasija,,11189,Arcilla,Quebrada Las Arenillas,"Andacollo, Provincia de Elqui",,"IMG_5804.JPG, IMG_5805.JPG, IMG_5806.JPG, IMG_5807.JPG",,
11191,1119100,Vasija,,11191,Arcilla,Estación Chañar,"La Higuera, Provincia de Elqui",,"IMG_6033.JPG, IMG_6034.JPG, IMG_6035.JPG",,
11195,1119500,Pipa,,11195,Piedra,Gualcuna,"La Higuera, Provincia de Elqui",,"IMG_5891.JPG, IMG_5892.JPG",,
11198,1119800,Valva de Pecten,,11198,Concha,"Cruz Grande, Playa Chungungo Viejo","La Higuera, Provincia de Elqui",,COMODIN.jpg,,023_L_MK1.mp4
11787,1178700,Jarro,,A-17-87,Arcilla,Parcela 24 Peñuelas,"Coquimbo, Provincia de Elqui",,"IMG_6737.JPG, IMG_6738.JPG, IMG_6739.JPG, IMG_6740.JPG",,
11841,1184100,Olla,,A-1-84,Arcilla,Cuz Cuz,"Illapel, Provincia de Choapa",,"IMG_6277.JPG, IMG_6278.JPG, IMG_6279.JPG, IMG_6280.JPG",,
12153,1215300,Figurilla,,12153,Piedra,"La Escondida, Pama","Combarbalá, Provincia de Limarí",,COMODIN.jpg,,
12231,1223100,Pipa,,12231,Piedra,Quebrada San Ramon-Punta Colorada,"La Higuera, Provincia de Elqui",,"IMG_5924.JPG, IMG_5925.JPG",,
12232,1223200,Pipa,,12232,Basalto,Quebrada San Ramon-Punta Colorada,"La Higuera, Provincia de Elqui",,"IMG_5884.JPG, IMG_5885.JPG",,
12256,1225600,Tembetá,,12256,Combarbalita,Piritas A,"La Higuera, Provincia de Elqui",,"IMG_6486.JPG, IMG_6487.JPG",,
12259,1225900,Pipa,,12259,Combarbalita,Piritas A,"La Higuera, Provincia de Elqui",,"IMG_5914.JPG, IMG_5915.JPG",,
12270,1227000,Tembetá,,12270,Combarbalita,La Escondida- Pama,"Combarbalá, Provincia de Limarí",,"IMG_6128.JPG, IMG_6129.JPG",,
12307,1230700,Pipa,,12307,Arcilla,Peña Blanca,"Combarbalá, Provincia de Limarí",,"IMG_6489.JPG, IMG_6490.JPG",,
12335,1233500,Olla,,12335,Arcilla,La Turquía B,"Río Hurtado, Provincia de Limarí",,"IMG_5553.JPG, IMG_5554.JPG, IMG_5555.JPG, IMG_5556.JPG",,
12336,1233600,Ceramio,,12336,Arcilla,La Turquía,"Río Hurtado, Provincia de Limarí",,"IMG_5965.JPG, IMG_5966.JPG, IMG_5967.JPG, IMG_5968.JPG",,
12337,1233700,Vaso,,12337,Arcilla,La Turquía ,"Río Hurtado, Provincia de Limarí",,"IMG_5586.JPG, IMG_5587.JPG, IMG_5588.JPG",,
12338,1233800,Adorno,,12338,Oro,La Turquía,"Río Hurtado, Provincia de Limarí",,"IMG_6676.JPG, IMG_6677.JPG",,
12951,1295100,Tembetá,,12951,Combarbalita,Piritas D,"La Higuera, Provincia de Elqui",,"IMG_6917.JPG, IMG_6918.JPG, IMG_6919.JPG, IMG_6920.JPG",,
12958,1295800,Tembetá,,12958,Combarbalita,Piritas A,"La Higuera, Provincia de Elqui",,"IMG_6138.JPG, IMG_6139.JPG",,034_L_MK1.mp4
13173,1317300,Miniatura,,13173,Arcilla,La Turquía E,"Río Hurtado, Provincia de Limarí",,"IMG_6299.JPG, IMG_6300.JPG, IMG_6301.JPG, IMG_6303.JPG",,
13196,1319600,Olla,,13196,Arcilla,Farellón,"Río Hurtado, Provincia de Limarí",,"IMG_6029.JPG, IMG_6030.JPG",,
13197,1319700,Olla,,13197,Arcilla,Farellón,"Río Hurtado, Provincia de Limarí",,"IMG_6213.JPG, IMG_6214.JPG, IMG_6215.JPG, IMG_6216.JPG",,
13198,1319800,Jarro,,13198,Arcilla,Farellón,"Río Hurtado, Provincia de Limarí",,"IMG_6272.JPG, IMG_6273.JPG, IMG_6274.JPG, IMG_6275.JPG",,
13202,1320200,Olla,,13202,Arcilla,Infiernillo,"Río Hurtado, Provincia de Limarí",,"IMG_6232.JPG, IMG_6233.JPG, IMG_6234.JPG, IMG_6235.JPG",,
13204,1320400,Jarro,,13204,Arcilla,Hacienda Morrillos,"Río Hurtado, Provincia de Limarí",,"IMG_5938.JPG, IMG_5940.JPG, IMG_5941.JPG",,
13871,1387100,Vaso,,13871,Arcilla,Vizcachitas,"Vallenar, Provincia de Huasco",,"IMG_6380.JPG, IMG_6381.JPG, IMG_6382.JPG, IMG_6383.JPG",,
13872,1387200,Olla,,13872,Arcilla,Quebrada Las Vizcachitas,"Vallenar, Provincia de Huasco",,"IMG_5987.JPG, IMG_5988.JPG, IMG_5989.JPG, IMG_5991.JPG",,
13873,1387300,Olla (arqueológica y etnográfica),,13873,Arcilla ,Quebrada Las Vizcachitas,"Vallenar, Provincia de Huasco",,"IMG_6010.JPG, IMG_6011.JPG, IMG_6012.JPG, IMG_6013.JPG",,
13874,1387400,Collar,,13874,Piedra,Quebrada Las Vizcachitas,"Vallenar, Provincia de Huasco",,COMODIN.jpg,,
13876,1387600,Pipa,,13876,Combarbalita,Agua Amarga (Estación FF.CC.),"Vallenar, Provincia de Huasco",,"IMG_5903.JPG, IMG_5904.JPG",,
13878,1387800,Tembetá,,13878,Combarbalita,Agua Amarga (Estación FF.CC.),"Vallenar, Provincia de Huasco",,"IMG_6132.JPG, IMG_6133.JPG, IMG_6134.JPG, IMG_6135.JPG",,
13880,1388000,Puco,,13880,Arcilla,Agua Amarga (Estación FF.CC.),"Vallenar, Provincia de Huasco",,"IMG_6067.JPG, IMG_6068.JPG, IMG_6069.JPG, IMG_6070.JPG",,
13882,1388200,Miniatura,,13882,Arcilla,Agua Amarga (Estación FF.CC.),"Vallenar, Provincia de Huasco",,"IMG_6282.JPG, IMG_6283.JPG, IMG_6284.JPG, IMG_6285.JPG",,
13919,1391900,Cuenta,,13919,Combarbalita,La Escondida- Pama,"Combarbalá, Provincia de Limarí",,"IMG_6883.JPG, IMG_6884.JPG",,
13993,1399300,Tortera,,13993,Hueso,Compañía de Teléfonos,"La Serena, Provincia de Elqui",,COMODIN.jpg,,
13997,1399700,Cabezal de arpón,,13997,Hueso,Compañía de Teléfonos,"La Serena, Provincia de Elqui",,COMODIN.jpg,,
13999,1399900,Cabezal de arpón,,13999,Hueso,Compañía de Teléfonos,"La Serena, Provincia de Elqui",,COMODIN.jpg,,
14252,1425200,Diente de tiburón,,14252,Hueso,Plaza de Coquimbo,"Coquimbo, Provincia de Elqui",,"IMG_6815.JPG, IMG_6816.JPG",,
14258,1425800,Puco,,14258,Arcilla,Plaza de Armas Coquimbo,"Coquimbo, Provincia de Elqui",,"IMG_6577.JPG, IMG_6578.JPG, IMG_6579.JPG, IMG_6580.JPG",,050_L_MK1.mp4
14260,1426000,Jarro (arqueológico y etnográfico) ,,14260,Arcilla ,Plaza de Armas Coquimbo,"Coquimbo, Provincia de Elqui",,"IMG_6532.JPG, IMG_6533.JPG, IMG_6534.JPG, IMG_6535.JPG",,
14262,1426200,Jarro,,14262,Arcilla,Plaza de Armas Coquimbo,"Coquimbo, Provincia de Elqui",,"IMG_6583.JPG, IMG_6584.JPG, IMG_6585.JPG, IMG_6586.JPG",,
14263,1426300,Puco,,14263,Arcilla,Plaza de Armas Coquimbo,"Coquimbo, Provincia de Elqui",,"IMG_6563.JPG, IMG_6564.JPG, IMG_6565.JPG",,
14267,1426700,Instrumento,,14267,Hueso,Plaza de Armas Coquimbo (Plaza Gabriela Mistral),"Coquimbo, Provincia de Elqui",,"IMG_6394.JPG, IMG_6395.JPG, IMG_6396.JPG",,054_L_MK1.mp4
14268,1426800,Placa/brazal,,14268,Cobre,Plaza de Coquimbo,"Coquimbo, Provincia de Elqui",,COMODIN.jpg,,
14269,1426900,Placa/brazal,,14269,Cobre,Plaza de Coquimbo,"Coquimbo, Provincia de Elqui",,COMODIN.jpg,,
14270,1427000,Figurilla ornitomorfa,,14270,Cobre,Plaza de Coquimbo,"Coquimbo, Provincia de Elqui",,"IMG_6809.JPG, IMG_6810.JPG",,
14270,1427000,Figurilla ornitomorfa,,14270,Cobre,Plaza de Coquimbo,"Coquimbo, Provincia de Elqui",,"IMG_6809.JPG, IMG_6810.JPG",,
14273,1427300,Collar,,14273,Cobre,Plaza de Armas Coquimbo,"Coquimbo, Provincia de Elqui",,"IMG_6841.JPG, IMG_6843.JPG",,
14274,1427400,Anzuelo,,14274,Cobre,Plaza de Coquimbo,"Coquimbo, Provincia de Elqui",,COMODIN.jpg,,
14275,1427500,Pinza,,14275,Cobre,Plaza de Coquimbo,"Coquimbo, Provincia de Elqui",,COMODIN.jpg,,
14278,1427800,Objeto/ fragmento aro,,14278,Cobre,Plaza de Coquimbo,"Coquimbo, Provincia de Elqui",,COMODIN.jpg,,
14280,1428000,Adorno,,14280,Plata,Plaza de Armas Coquimbo,"Coquimbo, Provincia de Elqui",,COMODIN.jpg,,053_L_MK1.mp4
14284,1428400,Pinza,,14284,Cobre,Plaza de Coquimbo,"Coquimbo, Provincia de Elqui",,COMODIN.jpg,,
14285,1428500,Aro,,14285,Cobre,Plaza de Coquimbo,"Coquimbo, Provincia de Elqui",,"IMG_6820.JPG, IMG_6821.JPG",,
14288,1428800,Collar,,14288,Piedra,Plaza de Armas Coquimbo,"Coquimbo, Provincia de Elqui",,"IMG_6845.JPG, IMG_6846.JPG",,
14292,1429200,Collar,,14292,Concha,Plaza de Armas Coquimbo,"Coquimbo, Provincia de Elqui",,"IMG_6891.JPG, IMG_6893.JPG",,
14297,1429700,Cincel,,14297,Cobre,Plaza de Coquimbo,"Coquimbo, Provincia de Elqui",,COMODIN.jpg,,058_L_MK1.mp4
14302,1430200,Anzuelo,,14302,Cobre,Plaza de Coquimbo,"Coquimbo, Provincia de Elqui",,COMODIN.jpg,,
14305,1430500,Objeto,,14305,Cobre,Plaza de Coquimbo,"Coquimbo, Provincia de Elqui",,COMODIN.jpg,,
14307,1430700,Instrumento,,14307,Hueso,Plaza de Armas Coquimbo,"Coquimbo, Provincia de Elqui",,"IMG_6411.JPG, IMG_6412.JPG",,
14317,1431700,Barba de arpón,,14317,Hueso,Plaza de Armas Coquimbo,"Coquimbo, Provincia de Elqui",,COMODIN.jpg,,
14329,1432900,Tortera,,14329,Madera,Plaza de Armas Coquimbo,"Coquimbo, Provincia de Elqui",,COMODIN.jpg,,
14333,1433300,Colgante,,14333,Piedra,Plaza de Armas Coquimbo,"Coquimbo, Provincia de Elqui",,"IMG_6835.JPG, IMG_6836.JPG",,
14338,1433800,Anzuelo,,14338,Cobre,Plaza de Coquimbo,"Coquimbo, Provincia de Elqui",,COMODIN.jpg,,
14343,1434300,Concha,,14343,Concha,Plaza de Armas Coquimbo,"Coquimbo, Provincia de Elqui",,"IMG_6414.JPG, IMG_6415.JPG",,
14369,1436900,Jarro,,14369,Arcilla,Plaza de Armas Coquimbo,"Coquimbo, Provincia de Elqui",,"IMG_6570.JPG, IMG_6571.JPG, IMG_6572.JPG, IMG_6573.JPG",,
14371,1437100,Instrumento,,14371,Hueso,Plaza de Armas Coquimbo,"Coquimbo, Provincia de Elqui",,"IMG_6400.JPG, IMG_6401.JPG",,
14373,1437300,Anzuelo,,14373,Cobre,Plaza de Coquimbo,"Coquimbo, Provincia de Elqui",,COMODIN.jpg,,057_L_MK1.mp4
14375,1437500,Tubo,,14375,Hueso,Plaza de Armas Coquimbo (Plaza Gabriela Mistral),"Coquimbo, Provincia de Elqui",,"IMG_6405.JPG, IMG_6406.JPG, IMG_6407.JPG",,
14376,1437600,Placa/brazal,,14376,Cobre,Plaza de Coquimbo,"Coquimbo, Provincia de Elqui",,COMODIN.jpg,,
14389,1438900,Jarro,,14389,Arcilla,Cerro Amarillo,"Salamanca, Provincia de Choapa",,"IMG_6992.JPG, IMG_6993.JPG, IMG_6994.JPG, IMG_6997.JPG",,
14398,1439800,Micromortero ,,14398,Andesita ,El Chacay,"Salamanca, Provincia de Choapa",,"IMG_6503.JPG, IMG_6505.JPG",,
14400,1440000,Vasija,,14400,Arcilla,El Chacay,"Salamanca, Provincia de Choapa",,"IMG_6218.JPG, IMG_6219.JPG, IMG_6220.JPG, IMG_6221.JPG",,
14405,1440500,Figurilla,,14405,Arcilla,"Cerro Amarillo, El Chacay","Salamanca, Provincia de Choapa",,COMODIN.jpg,,
14411,1441100,Adorno,,14411,Cobre,Pama,"Combarbalá, Provincia de Limarí",,"IMG_6817.JPG, IMG_6818.JPG, IMG_6819.JPG",,
14412,1441200,Colgante,,14412,Combarbalita,La Escondida- Pama,"Combarbalá, Provincia de Limarí",,"IMG_6822.JPG, IMG_6823.JPG",,
14413,1441300,Cuenta,,14413,Combarbalita,La Escondida- Pama,"Combarbalá, Provincia de Limarí",,"IMG_6860.JPG, IMG_6861.JPG, IMG_6862.JPG",,
14415,1441500,Figurilla,,14415,Combarbalita,La Escondida- Pama,"Combarbalá, Provincia de Limarí",,"IMG_6824.JPG, IMG_6825.JPG",,
14417,1441700,Colgante ,,14417,Combarbalita ,Pama,"Combarbalá, Provincia de Limarí",,COMODIN.jpg,,
14425,1442500,Instrumento,,14425,Hueso,Plaza de Armas Coquimbo,"Coquimbo, Provincia de Elqui",,"IMG_6409.JPG, IMG_6410.JPG",,
14426,1442600,Instrumento,,14426,Hueso,Plaza de Armas Coquimbo,"Coquimbo, Provincia de Elqui",,"IMG_6397.JPG, IMG_6398.JPG, IMG_6399.JPG",,
14439,1443900,Aro,,14439,Cobre,Plaza de Coquimbo,"Coquimbo, Provincia de Elqui",,"IMG_6804.JPG, IMG_6806.JPG",,
14666,1466600,Olla,,14666,Arcilla,San Pedro Viejo de Pichasca,"Río Hurtado, Provincia de Limarí",,"IMG_5976.JPG, IMG_5977.JPG, IMG_5978.JPG, IMG_5979.JPG",,
14667,1466700,Tembetá,,14667,Piedra,Fundo Piedra Azul,"Paihuano, Provincia de Elqui",,"IMG_6446.JPG, IMG_6447.JPG, IMG_6448.JPG",,
14668,1466800,Tembetá,,14668,Combarbalita,La Viñita-Río Ponio,"Monte Patria, Provincia de Limarí",,"IMG_6148.JPG, IMG_6149.JPG, IMG_6150.JPG, IMG_6152.JPG",,032_L_MK1.mp4
14669,1466900,Pipa,,14669,Combarbalita,Comité de Allegados,"Vicuña, Provincia de Elqui",,"IMG_5894.JPG, IMG_5895.JPG",,
14786,1478600,Vaso,,14786,Arcilla,Sitio desconocido,Desconocida,,"IMG_5571.JPG, IMG_5572.JPG, IMG_5573.JPG, IMG_5574.JPG",,
14790,1479000,Tembetá,,14790,Piedra,"Quebrada Ancha, Alto del Carmen","Alto del Carmen, Provincia de Huasco",,"IMG_6463.JPG, IMG_6464.JPG, IMG_6465.JPG",,
14791,1479100,Tembetá,,14791,Combarbalita,"Fundo La Viga, Pisco Elqui","Paihuano, Provincia de Elqui",,"IMG_6456.JPG, IMG_6457.JPG, IMG_6458.JPG",,
14792,1479200,Tembetá,,14792,Combarbalita,Fundo Tulahuén Oriente,"Monte Patria, Provincia de Limarí",,"IMG_6450.JPG, IMG_6451.JPG, IMG_6452.JPG",,
14795,1479500,Tembetá,,14795,Combarbalita,Sitio desconocido,Desconocida,,"IMG_6085.JPG, IMG_6086.JPG, IMG_6087.JPG",,031_L_MK1.mp4
14797,1479700,Puco,,14797,Arcilla,La Puerta,"Copiapó, Provincia de Copiapó",,"IMG_6770.JPG, IMG_6771.JPG, IMG_6772.JPG, IMG_6773.JPG",,
14862,1486200,,,14862,,,,,COMODIN.jpg,,
14865,1486500,,,14865,,,,,COMODIN.jpg,,
16205,1620500,Vasija,,16205,Arcilla,El Mauro,"Salamanca, Provincia de Choapa",,"IMG_5851.JPG, IMG_5852.JPG, IMG_5853.JPG, IMG_5854.JPG",,
18471,1847100,Cuenco,,1847,Arcilla,Sitio desconocido,Desconocida,,"IMG_6603.JPG, IMG_6604.JPG, IMG_6605.JPG, IMG_6606.JPG",,
19851,1985100,Puco,,1985,Arcilla,El Olivar (Compañía Baja),"La Serena, Provincia de Elqui",,"IMG_6757.JPG, IMG_6758.JPG, IMG_6759.JPG, IMG_6760.JPG",,
23311,2331100,Cántaro,,2331,Arcilla,Dunas de Guayacán,"Coquimbo, Provincia de Elqui",,"IMG_6352.JPG, IMG_6353.JPG, IMG_6354.JPG, IMG_6355.JPG",,
41721,4172100,Adorno,,4172,Oro,Hurtado,"Río Hurtado, Provincia de Limarí",,COMODIN.jpg,,
42541,4254100,Disco,,4254,Cobre,La Turquía B,"Río Hurtado, Provincia de Limarí",,"IMG_6663.JPG, IMG_6664.JPG",,
42551,4255100,Pinza,,4255,Cobre,La Turquía B,"Río Hurtado, Provincia de Limarí",,"IMG_6644.JPG, IMG_6645.JPG, IMG_6646.JPG, IMG_6649.JPG",,
42561,4256100,Vasija,,4256,Arcilla,La Turquía B,"Río Hurtado, Provincia de Limarí",,"IMG_6205.JPG, IMG_6207.JPG, IMG_6208.JPG, IMG_6209.JPG",,
42691,4269100,Vasija,,4269,Arcilla,La Turquía B,"Río Hurtado, Provincia de Limarí",,"IMG_6345.JPG, IMG_6346.JPG, IMG_6347.JPG, IMG_6348.JPG",,
42711,4271100,Ceramio,,4271,Arcilla,La Turquía B,"Río Hurtado, Provincia de Limarí",,"IMG_6197.JPG, IMG_6199.JPG, IMG_6200.JPG, IMG_6201.JPG",,
42731,4273100,Vasija,,4273,Arcilla,La Turquìa D,"Río Hurtado, Provincia de Limarí",,"IMG_5768.JPG, IMG_5769.JPG, IMG_5770.JPG, IMG_5771.JPG",,
42741,4274100,Vasija,,4274,Arcilla,La Turquía B,"Río Hurtado, Provincia de Limarí",,"IMG_5612.JPG, IMG_5613.JPG, IMG_5614.JPG, IMG_5615.JPG",,
42751,4275100,Jarro,,4275,Arcilla,La Turquía B,"Río Hurtado, Provincia de Limarí",,"IMG_6359.JPG, IMG_6360.JPG, IMG_6361.JPG, IMG_6364.JPG",,
42821,4282100,Vaso,,4282,Arcilla,La Turquía B,"Río Hurtado, Provincia de Limarí",,"IMG_5581.JPG, IMG_5582.JPG, IMG_5583.JPG",,
42831,4283100,Jarro,,4283,Arcilla,La Turquía B,"Río Hurtado, Provincia de Limarí",,"IMG_5623.JPG, IMG_5624.JPG, IMG_5625.JPG",,
42881,4288100,Vaso,,4288,Arcilla,La Turquía B,"Río Hurtado, Provincia de Limarí",,"IMG_5632.JPG, IMG_5633.JPG, IMG_5634.JPG",,
42952,4295200,Figurilla ,,4295B,Arcilla ,"Potrero El Llano, Hacienda El Bosque","Río Hurtado, Provincia de Limarí",,"IMG_6839.JPG, IMG_6840.JPG",,
45761,4576100,Adorno,,4576,Oro,Hurtado,"Río Hurtado, Provincia de Limarí",,COMODIN.jpg,,
45781,4578100,Vasija,,4578,Arcilla,La Turquía B,"Río Hurtado, Provincia de Limarí",,"IMG_6237.JPG, IMG_6238.JPG, IMG_6239.JPG, IMG_6240.JPG",,
50641,5064100,Escudilla,,5064,Arcilla,Quebrada El Durazno,"Vallenar, Provincia de Huasco",,"IMG_5875.JPG, IMG_5876.JPG, IMG_5877.JPG",,
52811,5281100,Lámina de cobre ornitomorfa,,5281,Cobre,Quebrada de Pinte,"Freirina, Provincia de Huasco",,COMODIN.jpg,,
57441,5744100,Vaso,,5744,Arcilla,Caleta Arrayán,"La Serena, Provincia de Elqui",,"IMG_6048.JPG, IMG_6049.JPG, IMG_6050.JPG, IMG_6051.JPG",,
59871,5987100,Colgante,,5987,Combarbalita,Pama,"Combarbalá, Provincia de Limarí",,COMODIN.jpg,,
68501,6850100,Vasija,,6850,Arcilla,Hacienda El Bosque,"Hurtado, Provincia de Limarí",,"IMG_5538.JPG, IMG_5539.JPG, IMG_5540.JPG",,
73127,7312700,Vasija,,73-127,Arcilla,Quebrada Las Vizcachas,"La Higuera, Provincia de Elqui",,"IMG_5865.JPG, IMG_5866.JPG, IMG_5867.JPG, IMG_5868.JPG",,
73128,7312800,Vasija,,73-128,Arcilla,Quebrada Las Vizcachas,"La Higuera, Provincia de Elqui",,"IMG_5944.JPG, IMG_5945.JPG, IMG_5946.JPG, IMG_5947.JPG",,
73133,7313300,Piedra horadada,,73-133,Piedra,Quebrada Las Vizcachas,"La Higuera, Provincia de Elqui",,"IMG_6508.JPG, IMG_6509.JPG, IMG_6510.JPG",,
73136,7313600,Tembetá,,73-136,Combarbalita,Fundo Piedra Azul,"Paihuano, Provincia de Elqui",,"IMG_6420.JPG, IMG_6421.JPG",,
73142,7314200,Perforador,,73-142,Piedra,Quebrada Las Vizcachas,"La Higuera, Provincia de Elqui",,"IMG_6168.JPG, IMG_6169.JPG",,
73146,7314600,Instrumento,,73-146,Hueso,Quebrada Las Vizcachas,"La Higuera, Provincia de Elqui",,"IMG_6319.JPG, IMG_6320.JPG, IMG_6322.JPG",,
73147,7314700,Instrumento,,73-147,Hueso,Quebrada Las Vizcachas,"La Higuera, Provincia de Elqui",,"IMG_6323.JPG, IMG_6324.JPG, IMG_6325.JPG, IMG_6326.JPG",,
73148,7314800,Mano de moler,,73-148,Andesita,Quebrada Las Vizcachas,"La Higuera, Provincia de Elqui",,COMODIN.jpg,,
73149,7314900,Colgante,,73-149,Turquesa,Quebrada Las Vizcachas,"La Higuera, Provincia de Elqui",,COMODIN.jpg,,
73150,7315000,Colgante,,73-150,Cobre,Quebrada Las Vizcachas,"La Higuera, Provincia de Elqui",,COMODIN.jpg,,
73151,7315100,Aro,,73-151,Cobre,Quebrada Las Vizcachas,"La Higuera, Provincia de Elqui",,COMODIN.jpg,,
73152,7315200,Lámina de cobre,,73-152,Cobre,Quebrada Las Vizcachas,"La Higuera, Provincia de Elqui",,COMODIN.jpg,,
73153,7315300,Colgante,,73-153,Concha,Quebrada Las Vizcachas,"La Higuera, Provincia de Elqui",,COMODIN.jpg,,
73154,7315400,Colgante,,73-154,Concha,Quebrada Las Vizcachas,"La Higuera, Provincia de Elqui",,COMODIN.jpg,,
73156,7315600,Colgante,,73-156,Concha,Quebrada Las Vizcachas,"La Higuera, Provincia de Elqui",,COMODIN.jpg,,
731641,73164100,Perforador,,73-164,Piedra,Quebrada Las Vizcachas,"La Higuera, Provincia de Elqui",,"IMG_6175.JPG, IMG_6176.JPG",,
731642,73164200,,,73-164,,Quebrada Las Vizcachas,"La Higuera, Provincia de Elqui",,"IMG_6181.JPG, IMG_6182.JPG",,
73173,7317300,Tembetá,,73-173,Piedra,Quebrada El Chañar,"La Higuera, Provincia de Elqui",,"IMG_6894.JPG, IMG_6895.JPG",,
73174,7317400,Tembetá,,73-174,Piedra,Quebrada El Chañar,"La Higuera, Provincia de Elqui",,"IMG_6900.JPG, IMG_6901.JPG",,
74131,7413100,Tortera,,74-13,Hueso,Planta Telefónica (Compañía de Telefonos),"La Serena, Provincia de Elqui",,COMODIN.jpg,,
76691,7669100,Tembetá,,76-691,Combarbalita,"Potrero La Chata, El Sauce","Combarbalá, Provincia de Limarí",,"IMG_6476.JPG, IMG_6477.JPG, IMG_6478.JPG",,
80941,8094100,Colgante,,8094,Combarbalita,Punta Teatinos,"La Serena, Provincia de Elqui",,COMODIN.jpg,,
82081,8208100,Instrumento lítico,,8208,Andesita,La Totorita-El Toldo,"La Serena, Provincia de Elqui",,COMODIN.jpg,,
82091,8209100,Mortero,,8209,Andesita,La Totorita-El Toldo,"La Serena, Provincia de Elqui",,COMODIN.jpg,,
93191,9319100,Olla,,9319,Arcilla,La Turquía D,"Río Hurtado, Provincia de Limarí",,"IMG_5870.JPG, IMG_5871.JPG, IMG_5872.JPG, IMG_5873.JPG",,
93211,9321100,Vasija,,9321,Arcilla,La Turquía D,"Río Hurtado, Provincia de Limarí",,COMODIN.jpg,,
93241,9324100,Jarro,,9324,Arcilla,La Turquía D,"Río Hurtado, Provincia de Limarí",,"IMG_6043.JPG, IMG_6044.JPG, IMG_6045.JPG, IMG_6046.JPG",,
93251,9325100,Jarro,,9325,Arcilla,La Turquía D,"Río Hurtado, Provincia de Limarí",,"IMG_5762.JPG, IMG_5763.JPG, IMG_5764.JPG, IMG_5765.JPG",,
93321,9332100,Vaso,,9332,Arcilla,Farellón,"Río Hurtado, Provincia de Limarí",,"IMG_6293.JP, IMG_6294.JPG, IMG_6295.JPG, IMG_6297.JPG",,
93431,9343100,Adorno,,9343,Oro,Farellón,"Río Hurtado, Provincia de Limarí",,COMODIN.jpg,,
93491,9349100,Anillo,,9349,Cobre,Farellón,"Río Hurtado, Provincia de Limarí",,"IMG_6638.JPG, IMG_6639.JPG",,
93511,9351100,Cuenco,,9351A,Arcilla,Farellón,"Río Hurtado, Provincia de Limarí",,"IMG_6264.JPG, IMG_6265.JPG, IMG_6266.JPG, IMG_6267.JPG",,
93571,9357100,Pendiente,,9357,Cobre,Farellón,"Hurtado, Provincia de Limarí",,"IMG_6640.JPG, IMG_6641.JPG",,
93621,9362100,Vasija,,9362,Arcilla,Farellón,"Río Hurtado, Provincia de Limarí",,"IMG_6242.JPG, IMG_6243.JPG, IMG_6244.JPG, IMG_6246.JPG",,
93641,9364100,Colgante,,,Cobre,La Turquía,"Río Hurtado, Provincia de Limarí",,"IMG_6737.JPG, IMG_6738.JPG, IMG_6739.JPG, IMG_6740.JPG",,
93651,9365100,Adorno,,9365,Oro,La Turquía,"Río Hurtado, Provincia de Limarí",,COMODIN.jpg,,
93761,9376100,Pendiente,,9376,Cobre,Farellón,"Hurtado, Provincia de Limarí",,"IMG_6642.JPG, IMG_6643.JPG",,
95901,9590100,Colgante,,9590,Cobre,Cachiyuyo,"Vallenar, Provincia de Huasco",,"IMG_6670.JPG, IMG_6671.JPG",,
123381,12338100,Adorno,,12338,Oro,La Turquía,"Río Hurtado, Provincia de Limarí",,"IMG_6676.JPG, IMG_6677.JPG",,
131731,13173100,Miniatura,,13173,Arcilla,La Turquía E,"Río Hurtado, Provincia de Limarí",,"IMG_6299.JPG, IMG_6300.JPG, IMG_6301.JPG, IMG_6303.JPG",,
131981,13198100,Jarro,,13198,Arcilla,Farellón,"Río Hurtado, Provincia de Limarí",,"IMG_6272.JPG, IMG_6273.JPG, IMG_6274.JPG, IMG_6275.JPG",,
132021,13202100,Olla,,13202,Arcilla,Infiernillo,"Río Hurtado, Provincia de Limarí",,"IMG_6232.JPG, IMG_6233.JPG, IMG_6234.JPG, IMG_6235.JPG",,
138741,13874100,Collar,,13874,Piedra,Quebrada Las Vizcachitas,"Vallenar, Provincia de Huasco",,COMODIN.jpg,,
138821,13882100,Miniatura,,13882,Arcilla,Agua Amarga (Estación FF.CC.),"Vallenar, Provincia de Huasco",,"IMG_6282.JPG, IMG_6283.JPG, IMG_6284.JPG, IMG_6285.JPG",,
142581,14258100,Puco,,14258,Arcilla,Plaza de Armas Coquimbo,"Coquimbo, Provincia de Elqui",,"IMG_6577.JPG, IMG_6578.JPG, IMG_6579.JPG, IMG_6580.JPG",,
142621,14262100,Jarro,,14262,Arcilla,Plaza de Armas Coquimbo,"Coquimbo, Provincia de Elqui",,"IMG_6583.JPG, IMG_6584.JPG, IMG_6585.JPG, IMG_6586.JPG",,
142631,14263100,Puco,,14263,Arcilla,Plaza de Armas Coquimbo,"Coquimbo, Provincia de Elqui",,"IMG_6563.JPG, IMG_6564.JPG, IMG_6565.JPG",,
142691,14269100,Placa/brazal,,14269,Cobre,Plaza de Coquimbo,"Coquimbo, Provincia de Elqui",,COMODIN.jpg,,
142801,14280100,Adorno,,14280,Plata,Plaza de Armas Coquimbo,"Coquimbo, Provincia de Elqui",,COMODIN.jpg,,
142861,14286100,Barba de arpón,,14286,Hueso,Plaza de Coquimbo,"Coquimbo, Provincia de Elqui",,COMODIN.jpg,,
142862,14286200,Barba de arpón,,14286,Hueso,Plaza de Coquimbo,"Coquimbo, Provincia de Elqui",,COMODIN.jpg,,
142891,14289100,Anzuelo,,14289,Cobre,Plaza de Coquimbo,"Coquimbo, Provincia de Elqui",,COMODIN.jpg,,
142892,14289200,Anzuelo,,14289a,Cobre,Plaza de Coquimbo,"Coquimbo, Provincia de Elqui",,COMODIN.jpg,,
142893,14289300,Anzuelo,,14289b,Cobre,Plaza de Coquimbo,"Coquimbo, Provincia de Elqui",,COMODIN.jpg,,
142971,14297100,Cincel,,14297,Cobre,Plaza de Coquimbo,"Coquimbo, Provincia de Elqui",,COMODIN.jpg,,
143151,14315100,Colgante,,14315-1,Basalto,Plaza de Armas Coquimbo,"Coquimbo, Provincia de Elqui",,"IMG_6833.JPG, IMG_6834.JPG",,
143154,14315400,Colgante,,14315-4,Basalto,Plaza de Armas Coquimbo,"Coquimbo, Provincia de Elqui",,"IMG_6826.JPG, IMG_6828.JPG",,
143301,14330100,Fragmento aro,,14330a,Cobre,Plaza de Coquimbo,"Coquimbo, Provincia de Elqui",,COMODIN.jpg,,
143302,14330200,Fragmento aro,,14330b,Cobre,Plaza de Coquimbo,"Coquimbo, Provincia de Elqui",,COMODIN.jpg,,
143421,14342100,Concha ostión,,14342a,Concha,Plaza de Coquimbo,"Coquimbo, Provincia de Elqui",,"IMG_6790.JPG, IMG_6791.JPG",,
143422,14342200,Concha ostión,,14342b,Concha,Plaza de Coquimbo,"Coquimbo, Provincia de Elqui",,"IMG_6792.JPG, IMG_6793.JPG",,
143691,14369100,Jarro,,14369,Arcilla,Plaza de Armas Coquimbo,"Coquimbo, Provincia de Elqui",,"IMG_6570.JPG, IMG_6571.JPG, IMG_6572.JPG, IMG_6573.JPG",,
143751,14375100,Tubo aspirador de alucinógeno,,14375-A,Hueso,Plaza de Coquimbo,"Coquimbo, Provincia de Elqui",,COMODIN.jpg,,
143752,14375200,Tubo aspirador de alucinógeno,,14375-B,Hueso,Plaza de Coquimbo,"Coquimbo, Provincia de Elqui",,COMODIN.jpg,,
144141,14414100,Colgante,,14414-1,Cuarzo,La Escondida- Pama,"Combarbalá, Provincia de Limarí",,"IMG_6851.JPG, IMG_6852.JPG, IMG_6853.JPG",,
144142,14414200,Colgante,,14414-2,Sílice,La Escondida- Pama,"Combarbalá, Provincia de Limarí",,"IMG_6847.JPG, IMG_6848.JPG",,
144143,14414300,Colgante ,,14414-3,Combarbalita ,La Escondida-Pama,"Combarbalá, Provincia de Limarí",,"IMG_6868.JPG, IMG_6869.JPG",,
144144,14414400,Colgante,,14414-4,Combarbalita,La Escondida- Pama,"Combarbalá, Provincia de Limarí",,"IMG_6829.JPG, IMG_6830.JPG",,
144171,14417100,Colgante ,,14417,Combarbalita ,Pama,"Combarbalá, Provincia de Limarí",,COMODIN.jpg,,
144181,14418100,Tortera,,14418-1,Combarbalita,La Escondida- Pama,"Combarbalá, Provincia de Limarí",,COMODIN.jpg,,060_L_MK1.mp4
144182,14418200,Tortera,,14418-2,Combarbalita,La Escondida- Pama,"Combarbalá, Provincia de Limarí",,COMODIN.jpg,,
144191,14419100,Colgante,,14419-1,Combarbalita,La Escondida- Pama,"Combarbalá, Provincia de Limarí",,"IMG_6881.JPG, IMG_6882.JPG",,
144192,14419200,Colgante,,14419-2,Combarbalita,La Escondida- Pama,"Combarbalá, Provincia de Limarí",,"IMG_6858.JPG, IMG_6859.JPG",,
144193,14419300,Colgante,,14419-3,Combarbalita,La Escondida- Pama,"Combarbalá, Provincia de Limarí",,"IMG_6849.JPG, IMG_6850.JPG",,
144194,14419400,Colgante,,14419-4,Combarbalita,La Escondida- Pama,"Combarbalá, Provincia de Limarí",,"IMG_6879.JPG, IMG_6880.JPG",,
144195,14419500,Colgante,,14419-5,Combarbalita,La Escondida- Pama,"Combarbalá, Provincia de Limarí",,"IMG_6877.JPG, IMG_6878.JPG",,
144211,14421100,Instrumento,,14421-1,Combarbalita,La Escondida- Pama,"Combarbalá, Provincia de Limarí",,COMODIN.jpg,,
144212,14421200,Orejera,,14421-2,Combarbalita,La Escondida- Pama,"Combarbalá, Provincia de Limarí",,"IMG_6874.JPG, IMG_6875.JPG, IMG_6876.JPG",,
144213,14421300,Instrumento ,,14421-3,Combarbalita ,La Escondida-Pama,"Combarbalá, Provincia de Limarí",,COMODIN.jpg,,
144221,14422100,Tortera ,,14422-1,Combarbalita ,La Escondida-Pama,"Combarbalá, Provincia de Limarí",,COMODIN.jpg,,
144222,14422200,Tortera,,14422-2,Combarbalita,La Escondida- Pama,"Combarbalá, Provincia de Limarí",,COMODIN.jpg,,
144231,14423100,Cuenta,,14423-1,Combarbalita,La Escondida- Pama,"Combarbalá, Provincia de Limarí",,"IMG_6885.JPG, IMG_6886.JPG",,
144232,14423200,Cuenta,,14423-2,Combarbalita,La Escondida- Pama,"Combarbalá, Provincia de Limarí",,"IMG_6888.JPG, IMG_6889.JPG",,
144233,14423300,Cuenta,,14423-3,Combarbalita,La Escondida- Pama,"Combarbalá, Provincia de Limarí",,"IMG_6854.JPG, IMG_6855.JPG",,
144234,14423400,Cuenta,,14423-4,Combarbalita,La Escondida- Pama,"Combarbalá, Provincia de Limarí",,"IMG_6866.JPG, IMG_6867.JPG",,
144235,14423500,Cuenta,,14423-5,Andesita,La Escondida- Pama,"Combarbalá, Provincia de Limarí",,"IMG_6864.JPG, IMG_6865.JPG",,
147861,14786100,Vaso,,14786,Arcilla,Sitio desconocido,Desconocida,,"IMG_5571.JPG, IMG_5572.JPG, IMG_5573.JPG, IMG_5574.JPG",,
147871,14787100,Tembetá,,14787-1,Combarbalita,Ojo de Agua del Montosa,"Tierra Amarilla, Provincia de Copiapó",,"IMG_6957.JPG, IMG_6958.JPG, IMG_6959.JPG, IMG_6960.JPG",,
147872,14787200,Tembetá,,14787-2,Combarbalita,Ojo de Agua del Montosa,"Tierra Amarilla, Provincia de Copiapó",,"IMG_6095.JPG, IMG_6096.JPG",,
147891,14789100,Tembetá,,14789-1,Piedra,Almirante Latorre,"La Serena, Provincia de Elqui",,"IMG_6912.JPG, IMG_6913.JPG, IMG_6914.JPG, IMG_6915.JPG",,
147892,14789200,Tembetá,,14789-2,Combarbalita,Yerbas Buenas Almirante Latorre,"La Higuera, Provincia de Elqui",,"IMG_6965.JPG, IMG_6966.JPG, IMG_6967.JPG, IMG_6968.JPG",,
147961,14796100,Figurilla,,14796-1,Combarbalita,Pama,"Combarbalá, Provincia de Limarí",,COMODIN.jpg,,
147962,14796200,Figurilla,,14796-2,Granito,Pama,"Combarbalá, Provincia de Limarí",,COMODIN.jpg,,
147982,14798200,Aro,,14798-2,Cobre,Coquimbo centro,"Coquimbo, Provincia de Elqui",,COMODIN.jpg,,052_L_MK1.mp4
148491,14849100,Tembetá,,14849-1,Piedra,"Recoleta, Quebrada Bulrreme","Ovalle, Provincia de Ovalle",,COMODIN.jpg,,
148492,14849200,Adorno,,14849-2,Combarbalita,Recoleta-Quebrada Bulrreme,"Río Hurtado, Provincia de Limarí",,COMODIN.jpg,,
148651,14865100,,,14865,,,,,COMODIN.jpg,,
731271,73127100,Vasija,,73-127,Arcilla,Quebrada Las Vizcachas,"La Higuera, Provincia de Elqui",,"IMG_5865.JPG, IMG_5866.JPG, IMG_5867.JPG, IMG_5868.JPG",,
731481,73148100,Mano de moler,,73-148,Andesita,Quebrada Las Vizcachas,"La Higuera, Provincia de Elqui",,COMODIN.jpg,,
731491,73149100,Colgante,,73-149,Turquesa,Quebrada Las Vizcachas,"La Higuera, Provincia de Elqui",,COMODIN.jpg,,
731501,73150100,Colgante,,73-150,Cobre,Quebrada Las Vizcachas,"La Higuera, Provincia de Elqui",,COMODIN.jpg,,
731521,73152100,Lámina de cobre,,73-153,Cobre,Quebrada Las Vizcachas,"La Higuera, Provincia de Elqui",,COMODIN.jpg,,
731531,73153100,Colgante,,73-153,Concha,Quebrada Las Vizcachas,"La Higuera, Provincia de Elqui",,COMODIN.jpg,,
731541,73154100,Colgante,,73-154,Concha,Quebrada Las Vizcachas,"La Higuera, Provincia de Elqui",,COMODIN.jpg,,
731561,73156100,Colgante,,73-156,Concha,Quebrada Las Vizcachas,"La Higuera, Provincia de Elqui",,COMODIN.jpg,,
935111,93511100,Cuenco,,9351A,Arcilla,Farellón,"Río Hurtado, Provincia de Limarí",,"IMG_6264.JPG, IMG_6265.JPG, IMG_6266.JPG, IMG_6267.JPG",,
1479821,147982100,Aro,,14798-2,Cobre,Coquimbo centro,"Coquimbo, Provincia de Elqui",,COMODIN.jpg,,
1484921,148492100,Adorno,,14849-2,Combarbalita,Recoleta-Quebrada Bulrreme,"Río Hurtado, Provincia de Limarí",,COMODIN.jpg,,